ad_id,account_id,ad_name,adset_id,campaign_id,configured_status,effective_status,created_time,updated_time,pause_time,preview_mobile_feed_basic,preview_mobile_feed_basic_html,preview_instagram_story,preview_instagram_story_html,preview_instagram_reels,preview_instagram_reels_html
120236542009400382,922637869834351,_Buy 1 Get 1 FREE - 3_Bundle Offer__V1,120236541983210382,120236541919860382,PAUSED,PAUSED,2025-11-20T23:29:15+0200,2025-11-21T15:11:37+0200,2025-11-21T15:11:37+0200,https://business.facebook.com/ads/api/preview_iframe.php?d=AQLp7hdAuQcCQfU9fD6GicSGfpCnuHwW5VFEoAZkEDqKYGCxevR6LBEZbIQRbQFgLMY3b5VftZKZ2uRyCyVZcwpVhA8ceFC42vWMUwejvqMSc0IHoyT7Dtcr0F_-FgslgRObbDGzRC6O90xOrXx3tp10ZaP9Q6GN45--rt9ucE0_dSYbwTle40Dy6VP0aJiUUmDBJ7aHhN_d_g7-mF5fxPpt7HaOOmTxmN_-K4r_SwuC2jLlBYFg_4kRS8AN1jZvhk7POZL6ovwDmEBh6aY4NBnS_dFVPDbHM9XEEUNCPTeD84Va_vxE6-WaMVeF4_Nlfg4kKS7x6epRjFGMiQEw-GZz4NlzHk4Fr-3clBdy0tinPpLqHUIDq_nS-85NobJIrHE_bLvmypEaC9bn64yBlhHv2wteeHTRhqG-lGjMDqoPjc5VeYR3NXmqJ2QHhLxs7f0&t=AQLsKjq5ttvOzNgs-fY,"<iframe src=""https://business.facebook.com/ads/api/preview_iframe.php?d=AQLp7hdAuQcCQfU9fD6GicSGfpCnuHwW5VFEoAZkEDqKYGCxevR6LBEZbIQRbQFgLMY3b5VftZKZ2uRyCyVZcwpVhA8ceFC42vWMUwejvqMSc0IHoyT7Dtcr0F_-FgslgRObbDGzRC6O90xOrXx3tp10ZaP9Q6GN45--rt9ucE0_dSYbwTle40Dy6VP0aJiUUmDBJ7aHhN_d_g7-mF5fxPpt7HaOOmTxmN_-K4r_SwuC2jLlBYFg_4kRS8AN1jZvhk7POZL6ovwDmEBh6aY4NBnS_dFVPDbHM9XEEUNCPTeD84Va_vxE6-WaMVeF4_Nlfg4kKS7x6epRjFGMiQEw-GZz4NlzHk4Fr-3clBdy0tinPpLqHUIDq_nS-85NobJIrHE_bLvmypEaC9bn64yBlhHv2wteeHTRhqG-lGjMDqoPjc5VeYR3NXmqJ2QHhLxs7f0&t=AQLsKjq5ttvOzNgs-fY"" width=""260"" height=""135"" scrolling=""yes"" style=""border: none;""></iframe>",https://business.facebook.com/ads/api/preview_iframe.php?d=AQIH0r3aMnTK4S6VCMxSmxsdaWeJhZE5zTPHioCsUWnUU7aUc20FVT7ta44Pbho7Il4Y-t3B_BcST37qCfWLxoj8_2g1W94oSXehQDFsCkKL9WiTETtFNVnBMPkelUQuekuh0Qm0i4Y7piw9Tr7hA26nlSsK_kX6QNiUaor6LnVa3SGvK9N9-WPGvlpbL3z-Er7ZjxDrvTkRErrNGyvItA70tZHOCqn0QL-MXG_8OuEKnX4XTFhp6GB5QJZbiyuyCahGGRKwwcAACR-7CjKvjA7A85yADzDqjS3HDrqfpqOCOv3EzY61J3oX68-L4K9hVgLpuuqoolSnoJz_JL7CfbpXWGzqcAZnTErfpyYxMZPqp24wv4tjxa8gU_Tj3NlGCPrqG8SXbeXjkcgAUFbmKW-l5Tkn6jYK7Ll6r4UDJH4BaIjHUcdTuMRp7l-2DUSo3Sg&t=AQIO7KoVvJj6bJ9KIBo,"<iframe src=""https://business.facebook.com/ads/api/preview_iframe.php?d=AQIH0r3aMnTK4S6VCMxSmxsdaWeJhZE5zTPHioCsUWnUU7aUc20FVT7ta44Pbho7Il4Y-t3B_BcST37qCfWLxoj8_2g1W94oSXehQDFsCkKL9WiTETtFNVnBMPkelUQuekuh0Qm0i4Y7piw9Tr7hA26nlSsK_kX6QNiUaor6LnVa3SGvK9N9-WPGvlpbL3z-Er7ZjxDrvTkRErrNGyvItA70tZHOCqn0QL-MXG_8OuEKnX4XTFhp6GB5QJZbiyuyCahGGRKwwcAACR-7CjKvjA7A85yADzDqjS3HDrqfpqOCOv3EzY61J3oX68-L4K9hVgLpuuqoolSnoJz_JL7CfbpXWGzqcAZnTErfpyYxMZPqp24wv4tjxa8gU_Tj3NlGCPrqG8SXbeXjkcgAUFbmKW-l5Tkn6jYK7Ll6r4UDJH4BaIjHUcdTuMRp7l-2DUSo3Sg&t=AQIO7KoVvJj6bJ9KIBo"" width=""320"" height=""567"" scrolling=""yes"" style=""border: none;""></iframe>",https://business.facebook.com/ads/api/preview_iframe.php?d=AQLjEDYrDquMq1VkN8mzsv5iXC-5JLiKBq_SeR3G4RrJGDMlcni2zIqw17jOQK-Z_T0ymVbWLRalbv1Bq97BH_BAvYJ2U-58ccEHweq_PRDTlN-mA_tP9WZRsAK036Ip8YU4PIHwVThufquN0oxm2jfPnlO5XpzAs48LeSGL4y3teOQgbcY9JEtzMQYVe2vPEcwz7rX0NCxaLSSPVcUZjTGdTQsf3ZzxMU1vEmSarmWilm9uHeJJDlnZqNLRiROPsv1q03fxQwYzKQSq0hJ6Vfc5wiBOuItVccy5rNia9hkW8ZYIV8VlWcmbsQzvdgznanPLa1HW-2N9MKpv96qr5Y9DE_NvaxBuDEHo6INE4DQj_--SGDVeO_2al2E_W4CDg2l9azSYrSXwJzU3J4pKCh7uSH7sQ7LBjA_2fAuliIAfdmlSY472SQxSaH5FlPaQhXo&t=AQLGLHD2tpzV1hFvrRY,"<iframe src=""https://business.facebook.com/ads/api/preview_iframe.php?d=AQLjEDYrDquMq1VkN8mzsv5iXC-5JLiKBq_SeR3G4RrJGDMlcni2zIqw17jOQK-Z_T0ymVbWLRalbv1Bq97BH_BAvYJ2U-58ccEHweq_PRDTlN-mA_tP9WZRsAK036Ip8YU4PIHwVThufquN0oxm2jfPnlO5XpzAs48LeSGL4y3teOQgbcY9JEtzMQYVe2vPEcwz7rX0NCxaLSSPVcUZjTGdTQsf3ZzxMU1vEmSarmWilm9uHeJJDlnZqNLRiROPsv1q03fxQwYzKQSq0hJ6Vfc5wiBOuItVccy5rNia9hkW8ZYIV8VlWcmbsQzvdgznanPLa1HW-2N9MKpv96qr5Y9DE_NvaxBuDEHo6INE4DQj_--SGDVeO_2al2E_W4CDg2l9azSYrSXwJzU3J4pKCh7uSH7sQ7LBjA_2fAuliIAfdmlSY472SQxSaH5FlPaQhXo&t=AQLGLHD2tpzV1hFvrRY"" width=""274"" height=""213"" scrolling=""yes"" style=""border: none;""></iframe>"
120236543343550382,922637869834351,_Buy 1 Get 1 FREE 4_Bundle Offer__V1,120236542460090382,120236541919860382,ACTIVE,ACTIVE,2025-11-20T23:29:26+0200,2025-11-20T23:40:10+0200,2025-11-20T23:40:10+0200,https://business.facebook.com/ads/api/preview_iframe.php?d=AQLU_sBBKcS_0xlbt5dyCFrGGmLHFbzn7RNDNYXP5MlMKuNwPfNnlNDGCWruNtfHLoSmG8hNbiVDNDfraaSoldOt2T8nHAODbxlJilOF2-d8Cf8qUsBncCrOhHK9hTGwuxNBV7lXFHqZyBPW4BJ6Li0jCKbw7ZjZ6mTbj-_qnlpbwPLa55XKEixPlnZVqyL-yw77FPPPD-GFSGD6lZXo-v8X4roEskzM7mnV3-KVAzYm-rUYTyAeLiw_hjcFoWFOCzfyHkvKVPzOLIy_iaracmVUYk0ORHWgX6mPtA0aR5XklrxavRODZqzICNeJC2gQTstleC5_rjC9PIwgagFQMeaAfmfXXfhOIuEHO9ZiLKMcCB7YuPcI82BYkI91Qv4AdrX1vn1GI38BhBl2Hmr6cCX31ZUeyjChtM2zsVLJa-NJYVC2bzfVy1ynhqsp_EeVPdE&t=AQJfhykfjpZSTO7L0s4,"<iframe src=""https://business.facebook.com/ads/api/preview_iframe.php?d=AQLU_sBBKcS_0xlbt5dyCFrGGmLHFbzn7RNDNYXP5MlMKuNwPfNnlNDGCWruNtfHLoSmG8hNbiVDNDfraaSoldOt2T8nHAODbxlJilOF2-d8Cf8qUsBncCrOhHK9hTGwuxNBV7lXFHqZyBPW4BJ6Li0jCKbw7ZjZ6mTbj-_qnlpbwPLa55XKEixPlnZVqyL-yw77FPPPD-GFSGD6lZXo-v8X4roEskzM7mnV3-KVAzYm-rUYTyAeLiw_hjcFoWFOCzfyHkvKVPzOLIy_iaracmVUYk0ORHWgX6mPtA0aR5XklrxavRODZqzICNeJC2gQTstleC5_rjC9PIwgagFQMeaAfmfXXfhOIuEHO9ZiLKMcCB7YuPcI82BYkI91Qv4AdrX1vn1GI38BhBl2Hmr6cCX31ZUeyjChtM2zsVLJa-NJYVC2bzfVy1ynhqsp_EeVPdE&t=AQJfhykfjpZSTO7L0s4"" width=""260"" height=""135"" scrolling=""yes"" style=""border: none;""></iframe>",https://business.facebook.com/ads/api/preview_iframe.php?d=AQIXS5J9XzTJ39BU5lyLKun5FmikOCCifMeIKGw5KenAOquC7apPgksFZfhWjgMOCZPkTqyO7c-rSb2xuLDzO3e0t3NmKitPM5DBj-cQ9dxg3Pj7u8gfxN8Y2z9At36U497uefRVaCCb0PPUom4yHUmc_uEdbsQ8ABBWXPLs1lGhLQ3pabbcIYaf2K5PjUI09ukN8MgQrixxlKKSMzfokF4xs3q7EDtW37DJ_5kcJHYpNTG-_UNLyLu3Hltr5c2jeE065MRpYkE3kXOq6wDA3D-x9uE5bSbQ4sb50euY9u1KInTH_CWXcKLRgQWHqyuatVCba1-QpktD8Tp2B4uEV3UE2D4u_jm9wFEwlUXpU5apSN-Icor5lbjuipJRWuqTXZtg_Q6q8Mkw8iPyPaHVovUke09jXbt_fXgdy9NNVFi_B00WakYrMmkW45QyhTy8QZU&t=AQKp1W13dFdMDADMaeo,"<iframe src=""https://business.facebook.com/ads/api/preview_iframe.php?d=AQIXS5J9XzTJ39BU5lyLKun5FmikOCCifMeIKGw5KenAOquC7apPgksFZfhWjgMOCZPkTqyO7c-rSb2xuLDzO3e0t3NmKitPM5DBj-cQ9dxg3Pj7u8gfxN8Y2z9At36U497uefRVaCCb0PPUom4yHUmc_uEdbsQ8ABBWXPLs1lGhLQ3pabbcIYaf2K5PjUI09ukN8MgQrixxlKKSMzfokF4xs3q7EDtW37DJ_5kcJHYpNTG-_UNLyLu3Hltr5c2jeE065MRpYkE3kXOq6wDA3D-x9uE5bSbQ4sb50euY9u1KInTH_CWXcKLRgQWHqyuatVCba1-QpktD8Tp2B4uEV3UE2D4u_jm9wFEwlUXpU5apSN-Icor5lbjuipJRWuqTXZtg_Q6q8Mkw8iPyPaHVovUke09jXbt_fXgdy9NNVFi_B00WakYrMmkW45QyhTy8QZU&t=AQKp1W13dFdMDADMaeo"" width=""320"" height=""567"" scrolling=""yes"" style=""border: none;""></iframe>",https://business.facebook.com/ads/api/preview_iframe.php?d=AQKMM4md7P5vcuKFd_DnFRb0Zt0vU_jqWWRP6MY9zMsMPv6UoQlJZWwab_rP0spo73nQpDDhztK7HslRXimc-YS-FZS0geSNF6ndb8zESPeJHr1wh8rsYQc3BuwoXmizcbUwoe-AJkYh7r-pFctzCsHAmtMl4faChgCK9DTnI0S-4EK4eCXiVuR_QI7DP1Sa7448rNNMSAPvSwHOZSDR5mFqgsq3B9TEflhWXW2toGUs92iUfn0LZ49IwKz6n0tFjda7LSAFiR73Azu8ogWZQxMzutbEryiQZ53knx5Vr7b1fQkKxDMf9AMc-jEFI9-qsEkF9u_bDcAWpwaZDM9dWsu-E8f1kYbPhAPlu4TFr_iX5DOlj8AT9luVhApgnVbS5wx9wHKmRz5GGj3xqglsr15-lr7QIAS2-cPuN-vbf7fFsCKUKKT-GXKLfrAxgdshJPA&t=AQLSUrR3cQYLTlBJYsQ,"<iframe src=""https://business.facebook.com/ads/api/preview_iframe.php?d=AQKMM4md7P5vcuKFd_DnFRb0Zt0vU_jqWWRP6MY9zMsMPv6UoQlJZWwab_rP0spo73nQpDDhztK7HslRXimc-YS-FZS0geSNF6ndb8zESPeJHr1wh8rsYQc3BuwoXmizcbUwoe-AJkYh7r-pFctzCsHAmtMl4faChgCK9DTnI0S-4EK4eCXiVuR_QI7DP1Sa7448rNNMSAPvSwHOZSDR5mFqgsq3B9TEflhWXW2toGUs92iUfn0LZ49IwKz6n0tFjda7LSAFiR73Azu8ogWZQxMzutbEryiQZ53knx5Vr7b1fQkKxDMf9AMc-jEFI9-qsEkF9u_bDcAWpwaZDM9dWsu-E8f1kYbPhAPlu4TFr_iX5DOlj8AT9luVhApgnVbS5wx9wHKmRz5GGj3xqglsr15-lr7QIAS2-cPuN-vbf7fFsCKUKKT-GXKLfrAxgdshJPA&t=AQLSUrR3cQYLTlBJYsQ"" width=""274"" height=""213"" scrolling=""yes"" style=""border: none;""></iframe>"
120236543293840382,922637869834351,_Buy 1 Get 1 FREE 3_Bundle Offer__V1,120236542460090382,120236541919860382,ACTIVE,ACTIVE,2025-11-20T23:29:16+0200,2025-11-20T23:39:11+0200,2025-11-20T23:39:11+0200,https://business.facebook.com/ads/api/preview_iframe.php?d=AQJRfL1GWoJ7v_Mt-98YMXoJoHJDsfvVojR__1maZDkemrXQ4Wrqc1ilNmtm1LwJnhAgl_n2m_E6zgBRncgKtYqIb30Kid83Yh8nm46vsyrWgvXbx1jhVXYkR-DgeVWOyo4UCNls2KkCJ2WtUsRfV9l4FGdTAQipfqUhJpvfpYDEsSd-9WhMKk0r3ZMMb3jZQwBQFDca8TXwurzv4WDwIWstjINn2_IKQ_FJwH60h8leWYiYyyJQjrfstRF434_G6JX6xHwgpqv1BQ8Ut1A_e7wVN_1w-KC--h2zMBpiR7aeMV2gL_MC8rS-jpbDgcheEo_mX3AjjvxZBxOf9TG5abRexMpE4fMW6-I5GK2AdGnfbhBiJ42yoasXvWxd2UBAkbCS0ZugUIikEwyC_7Z6b9988IpEHOcnDw-KVGyhzVytHTBqu8F3HywJ9UXLlvqPY-A&t=AQL2GM_GWf3EVpZ0ITY,"<iframe src=""https://business.facebook.com/ads/api/preview_iframe.php?d=AQJRfL1GWoJ7v_Mt-98YMXoJoHJDsfvVojR__1maZDkemrXQ4Wrqc1ilNmtm1LwJnhAgl_n2m_E6zgBRncgKtYqIb30Kid83Yh8nm46vsyrWgvXbx1jhVXYkR-DgeVWOyo4UCNls2KkCJ2WtUsRfV9l4FGdTAQipfqUhJpvfpYDEsSd-9WhMKk0r3ZMMb3jZQwBQFDca8TXwurzv4WDwIWstjINn2_IKQ_FJwH60h8leWYiYyyJQjrfstRF434_G6JX6xHwgpqv1BQ8Ut1A_e7wVN_1w-KC--h2zMBpiR7aeMV2gL_MC8rS-jpbDgcheEo_mX3AjjvxZBxOf9TG5abRexMpE4fMW6-I5GK2AdGnfbhBiJ42yoasXvWxd2UBAkbCS0ZugUIikEwyC_7Z6b9988IpEHOcnDw-KVGyhzVytHTBqu8F3HywJ9UXLlvqPY-A&t=AQL2GM_GWf3EVpZ0ITY"" width=""260"" height=""135"" scrolling=""yes"" style=""border: none;""></iframe>",https://business.facebook.com/ads/api/preview_iframe.php?d=AQIACOw_Xy9ftf8CwDWLk0cdOeTvDRennXahLzfSpDxys2-CiH6VWMuADL7csInDrT1q0IpPkRxilHATbyY6cy7sxZRiqV-Kh6UqIF_OQhQNen7SxKb2sRPs9Yb7FHLaXjpuH6_DZw65BKkzjXDo8Odlwwr6Qu-qei6N4SuiBooVpeJyOOTcdkmiQqQNsVxwIPscPStQ4mP0CtcOBWIQlJ4t1fWJSzh70RgeGNZAF-GW0oZy6r7xwTQFQcoUAn5peZCNCaBjrr8f_m-SLgTDFvNZac87UG1dD9tXMTxFd6LkkArVBP1WAMAiKPr3lMl0cghrgmjszBn89EWQtF-eBahLBzXzuUHzr2kxmPAUJNHs5NhicSoD1G0cTsQDDbR8IRuVC2eBO9S1gQuxJa_5gQvg0C3RIsf9Zx0XL0d0n4TcDzf7lxaC_r2v0gaWicteDZo&t=AQLlRjZAjs5PpkaDGN0,"<iframe src=""https://business.facebook.com/ads/api/preview_iframe.php?d=AQIACOw_Xy9ftf8CwDWLk0cdOeTvDRennXahLzfSpDxys2-CiH6VWMuADL7csInDrT1q0IpPkRxilHATbyY6cy7sxZRiqV-Kh6UqIF_OQhQNen7SxKb2sRPs9Yb7FHLaXjpuH6_DZw65BKkzjXDo8Odlwwr6Qu-qei6N4SuiBooVpeJyOOTcdkmiQqQNsVxwIPscPStQ4mP0CtcOBWIQlJ4t1fWJSzh70RgeGNZAF-GW0oZy6r7xwTQFQcoUAn5peZCNCaBjrr8f_m-SLgTDFvNZac87UG1dD9tXMTxFd6LkkArVBP1WAMAiKPr3lMl0cghrgmjszBn89EWQtF-eBahLBzXzuUHzr2kxmPAUJNHs5NhicSoD1G0cTsQDDbR8IRuVC2eBO9S1gQuxJa_5gQvg0C3RIsf9Zx0XL0d0n4TcDzf7lxaC_r2v0gaWicteDZo&t=AQLlRjZAjs5PpkaDGN0"" width=""320"" height=""567"" scrolling=""yes"" style=""border: none;""></iframe>",https://business.facebook.com/ads/api/preview_iframe.php?d=AQJadjBYHGuQ6HvmU1EY7uzfH0ceB5Sfv76pKBTHcy_KNQEaftmkcGk07sFIjxgPLF_s7pq1E71H5J2HgML0x_-5QMrU_ZNMKSl4Ducz1HMW7ULp3IE-55ui8-6k62Kn72f9WLJfzvpw2sxFJfols_AXtCaTI7oLcjA4JsaDZdFqqAwgK8RCFFwtDfP6TZDORQRjxvo-ZxOP-ZSlpt3e3hax6wgllzU6-uyGByaufFEqwvZ3KKN9zjx4jnGnaINj9xU2BaPuBokyfU-FycP9cp47dxIRELP3y-xSqu-BCR4HNlNvC0u4UdfSn5zxLfkDfVf5gvSl02pVKwtJ0UF0zcBzzwpccwIatyqcZrwohvkMM53D48S-abEyS06H68vFQnqkdWsF8rxkGcIDysYLpLcyqc4TfvTfomwAgV-5XIFxkoon6b48vScyAbQSbuxlC3s&t=AQKyi6TlfnH8etDQ7ao,"<iframe src=""https://business.facebook.com/ads/api/preview_iframe.php?d=AQJadjBYHGuQ6HvmU1EY7uzfH0ceB5Sfv76pKBTHcy_KNQEaftmkcGk07sFIjxgPLF_s7pq1E71H5J2HgML0x_-5QMrU_ZNMKSl4Ducz1HMW7ULp3IE-55ui8-6k62Kn72f9WLJfzvpw2sxFJfols_AXtCaTI7oLcjA4JsaDZdFqqAwgK8RCFFwtDfP6TZDORQRjxvo-ZxOP-ZSlpt3e3hax6wgllzU6-uyGByaufFEqwvZ3KKN9zjx4jnGnaINj9xU2BaPuBokyfU-FycP9cp47dxIRELP3y-xSqu-BCR4HNlNvC0u4UdfSn5zxLfkDfVf5gvSl02pVKwtJ0UF0zcBzzwpccwIatyqcZrwohvkMM53D48S-abEyS06H68vFQnqkdWsF8rxkGcIDysYLpLcyqc4TfvTfomwAgV-5XIFxkoon6b48vScyAbQSbuxlC3s&t=AQKyi6TlfnH8etDQ7ao"" width=""274"" height=""213"" scrolling=""yes"" style=""border: none;""></iframe>"
120236543387520382,922637869834351,_Buy 1 Get 1 FREE 5_Bundle Offer__V1,120236542460090382,120236541919860382,ACTIVE,ACTIVE,2025-11-20T23:29:22+0200,2025-11-20T23:39:07+0200,2025-11-20T23:39:07+0200,https://business.facebook.com/ads/api/preview_iframe.php?d=AQKVSbUr3VjtWM5MhbS6mcWvxa6ir1Zcd9v0DtIm987l86COpOQjXN2kRzlYy6kLng0zv1gRlCk1gAyQVirMnh-mng_4js_nyOILDp6Hj8JdpCPiY6UezB7lpGjrnmFD5a-2ymfrg4WNz3tKybEdMMc5hnInDwdScZw4X4PcaqTGvczlzw0T9JxFLuOxy2xf88bss_JFgrKM4PxAlN_OHGBIewnOd1zIxQvbx5Tb92kNV_7irZ1IY8DabV63qdP6B5-3P98LbbZ9RyMBYWkW0P6nmzZLu-f_JjWEftW1WduzcOZHNu7MxwAw_OnrIdeFCiOH9_gdz1uaOngDyeep7Rcqpb_Ra5ThICJ-8hR19Bu7Q5t0YCEnB6iMx0PBa_wqPx7FwjO3amzc9qcBYTyUojCmXKhTUt1_s3HNWGj7j3_MosuB58QcMz27U2HuOIjbVdI&t=AQJ2IXgW28kzzbqa1Rs,"<iframe src=""https://business.facebook.com/ads/api/preview_iframe.php?d=AQKVSbUr3VjtWM5MhbS6mcWvxa6ir1Zcd9v0DtIm987l86COpOQjXN2kRzlYy6kLng0zv1gRlCk1gAyQVirMnh-mng_4js_nyOILDp6Hj8JdpCPiY6UezB7lpGjrnmFD5a-2ymfrg4WNz3tKybEdMMc5hnInDwdScZw4X4PcaqTGvczlzw0T9JxFLuOxy2xf88bss_JFgrKM4PxAlN_OHGBIewnOd1zIxQvbx5Tb92kNV_7irZ1IY8DabV63qdP6B5-3P98LbbZ9RyMBYWkW0P6nmzZLu-f_JjWEftW1WduzcOZHNu7MxwAw_OnrIdeFCiOH9_gdz1uaOngDyeep7Rcqpb_Ra5ThICJ-8hR19Bu7Q5t0YCEnB6iMx0PBa_wqPx7FwjO3amzc9qcBYTyUojCmXKhTUt1_s3HNWGj7j3_MosuB58QcMz27U2HuOIjbVdI&t=AQJ2IXgW28kzzbqa1Rs"" width=""260"" height=""135"" scrolling=""yes"" style=""border: none;""></iframe>",https://business.facebook.com/ads/api/preview_iframe.php?d=AQJ3hv14EGE0Z2hbyef0kIJG7r1YdP9QBmx8VUaT40RBpKJvyoUG_gEp0ndId0TMTxXedviRLQowY7Kezr-DtT2KqD2HukfUQTMmFFVz2VyvCWDwvXfpRXYmCIQ1wlApjycZUOdHlSZAL2OuXnmURWrM_FURfgo_G01SsM__VIk79bApB-JBd-uUuEpWQgeiLJ5ri6-PuPh86tMBEYXqa2nCpbF0nEz1k66UaKFJzT9PJ_euMRfjZO9uupmDvp5Qgn8m--rS9bDqVVII-d35Zz2x5k8acSuDp5cWqMkxct3wCRw6roztsF0jtFxB6-nEIycIc7asl1hUy0U9JoLFV64uG2uP6jVZJTJQBrTqyj4NSj05MxKkuXc4a9WCSJmnlNn-eGzF5uVGii87bVQSop1LtkTJwsd7Yay4I1aC-c6MxqmFOCM_cs1U1Dc3wNsrmIU&t=AQJGKPlDXHnwwHvBPFg,"<iframe src=""https://business.facebook.com/ads/api/preview_iframe.php?d=AQJ3hv14EGE0Z2hbyef0kIJG7r1YdP9QBmx8VUaT40RBpKJvyoUG_gEp0ndId0TMTxXedviRLQowY7Kezr-DtT2KqD2HukfUQTMmFFVz2VyvCWDwvXfpRXYmCIQ1wlApjycZUOdHlSZAL2OuXnmURWrM_FURfgo_G01SsM__VIk79bApB-JBd-uUuEpWQgeiLJ5ri6-PuPh86tMBEYXqa2nCpbF0nEz1k66UaKFJzT9PJ_euMRfjZO9uupmDvp5Qgn8m--rS9bDqVVII-d35Zz2x5k8acSuDp5cWqMkxct3wCRw6roztsF0jtFxB6-nEIycIc7asl1hUy0U9JoLFV64uG2uP6jVZJTJQBrTqyj4NSj05MxKkuXc4a9WCSJmnlNn-eGzF5uVGii87bVQSop1LtkTJwsd7Yay4I1aC-c6MxqmFOCM_cs1U1Dc3wNsrmIU&t=AQJGKPlDXHnwwHvBPFg"" width=""320"" height=""567"" scrolling=""yes"" style=""border: none;""></iframe>",https://business.facebook.com/ads/api/preview_iframe.php?d=AQLbI4IWd7aVkS9082Z9xze0OU7i1SL9HL97oz5Jp1T-jTCTC1AA_ltTbkXWnXgUvtWYYgxuvehQ6WCg1OLt9fORVT3SeXYaoOJyi7mTlVlv2EdarR92ICr_b7IQrGn7ooXcwesIDMcjJAlFC07nuvCoKoFx53MY6-b0KudzDzr0fNj6WFpbLDwK6qbvmyLZvpBDLLafnxM4ag31fFPpDx89PvL07txsC9NmCQ3yOhoMVf-J7NVZYrHLD_6LiE_am9VoPDD43nSHR0-YgnEAQ-I7itgaWWpmkzt6Td9DESU1Jon0basYLfqNzmWb-X3HhR_LxAc-ZW2UTTkcJEHO4jpDrMrPFWGaB_ZpcdhtUuYUcD__BgqZ3-6jLOp1xXDWMStl6nnbJnXv93SLeJTPk9aRnkPWZd8mKhDECgz1vSQe0puraNyMEy97oleZzKJrp3M&t=AQI3Vk47nZb3eVtNKKk,"<iframe src=""https://business.facebook.com/ads/api/preview_iframe.php?d=AQLbI4IWd7aVkS9082Z9xze0OU7i1SL9HL97oz5Jp1T-jTCTC1AA_ltTbkXWnXgUvtWYYgxuvehQ6WCg1OLt9fORVT3SeXYaoOJyi7mTlVlv2EdarR92ICr_b7IQrGn7ooXcwesIDMcjJAlFC07nuvCoKoFx53MY6-b0KudzDzr0fNj6WFpbLDwK6qbvmyLZvpBDLLafnxM4ag31fFPpDx89PvL07txsC9NmCQ3yOhoMVf-J7NVZYrHLD_6LiE_am9VoPDD43nSHR0-YgnEAQ-I7itgaWWpmkzt6Td9DESU1Jon0basYLfqNzmWb-X3HhR_LxAc-ZW2UTTkcJEHO4jpDrMrPFWGaB_ZpcdhtUuYUcD__BgqZ3-6jLOp1xXDWMStl6nnbJnXv93SLeJTPk9aRnkPWZd8mKhDECgz1vSQe0puraNyMEy97oleZzKJrp3M&t=AQI3Vk47nZb3eVtNKKk"" width=""274"" height=""213"" scrolling=""yes"" style=""border: none;""></iframe>"
120236543257200382,922637869834351,_Buy 1 Get 1 FREE_Bundle Offer__V1,120236542460090382,120236541919860382,ACTIVE,ACTIVE,2025-11-20T23:29:21+0200,2025-11-20T23:39:02+0200,2025-11-20T23:39:02+0200,https://business.facebook.com/ads/api/preview_iframe.php?d=AQJ0a9Jpt0SB2qE5SE3aJv0cauMX6z6YSPxptfi4KPacHMvOxc_2sPkCk2ncKUkjrfZA4vWb3cjOmM1yHM4L1bTVMYEo1PpWj5KYYwXCp8us-Rs9nhtjQ2ueomefdpIW6Jqon2V6JOrfeZiOUdoUJ3oUi3laL8glNvKjzSylBGT7TrWKkvWqoaTn04i6pl8fzZaptl1TBRrEa3xnKliE7j_K1lWBL-qH6F9AQcPeUPyKyRjmz8GJ5YufD39fVKn-vhMQWWx59cEvEamwTuQVlHVMOfPefXoLwqRsWx8GSOSR8NMv0o8NFyz0WLXX1fiYGW2bklFwSOO-O91FhXVxfCZreMg2KAGYXNyXxmqQQ40tRl_BcGd-wTV_GqoHG_t8uWOH_14xSQqMhPk6be8RhqEs5CQrkp0az889IttgKI-GhiCmMPSMFkORNQ5cqdpjv9g&t=AQLy4JD6bbDRnLk5JUE,"<iframe src=""https://business.facebook.com/ads/api/preview_iframe.php?d=AQJ0a9Jpt0SB2qE5SE3aJv0cauMX6z6YSPxptfi4KPacHMvOxc_2sPkCk2ncKUkjrfZA4vWb3cjOmM1yHM4L1bTVMYEo1PpWj5KYYwXCp8us-Rs9nhtjQ2ueomefdpIW6Jqon2V6JOrfeZiOUdoUJ3oUi3laL8glNvKjzSylBGT7TrWKkvWqoaTn04i6pl8fzZaptl1TBRrEa3xnKliE7j_K1lWBL-qH6F9AQcPeUPyKyRjmz8GJ5YufD39fVKn-vhMQWWx59cEvEamwTuQVlHVMOfPefXoLwqRsWx8GSOSR8NMv0o8NFyz0WLXX1fiYGW2bklFwSOO-O91FhXVxfCZreMg2KAGYXNyXxmqQQ40tRl_BcGd-wTV_GqoHG_t8uWOH_14xSQqMhPk6be8RhqEs5CQrkp0az889IttgKI-GhiCmMPSMFkORNQ5cqdpjv9g&t=AQLy4JD6bbDRnLk5JUE"" width=""260"" height=""135"" scrolling=""yes"" style=""border: none;""></iframe>",https://business.facebook.com/ads/api/preview_iframe.php?d=AQLQBzO2ZYDQ96irn4Ak3hJbU8_45Vv-eTyaMO2fmrqBy2HPAlqYsUgi58sOitO5d1rUdj-degdlAjFe33miSMuk6FM1Sly9pOc15Vy7Ds6MM94xCVBS_EWnQtpejaNHJ5VohrzErIV0MALhycwrCUgbrOIu8REMbTQ_4W5jlX-PanjF1bQ5pSXJcJvCV_CZQhYdn-6X9KH_6I_qoh8F_yV8RhGgxmQ6mmhnTwJkTc5Gd1Cy5XtWYd4c7C7yYjVe_vxdlxjxnVHo1M9ACqnVxSz5kDqMtXtrGEXvLBygvncLakuvu-_nH2vXX3lDW_blbUuLAZoc4_56vCG1R-Ie-vhMLRdtq8wDlciX-orNvVim4vEzvBfFkfRQq9eBUZ50d5_l4gYmQrom834-6N85AhgLPc5xS9ujLuvoXHwPe5FvNn5Bx4huvhEOnl3_kSvSPis&t=AQLhHsVY3ts_4_Yh_vM,"<iframe src=""https://business.facebook.com/ads/api/preview_iframe.php?d=AQLQBzO2ZYDQ96irn4Ak3hJbU8_45Vv-eTyaMO2fmrqBy2HPAlqYsUgi58sOitO5d1rUdj-degdlAjFe33miSMuk6FM1Sly9pOc15Vy7Ds6MM94xCVBS_EWnQtpejaNHJ5VohrzErIV0MALhycwrCUgbrOIu8REMbTQ_4W5jlX-PanjF1bQ5pSXJcJvCV_CZQhYdn-6X9KH_6I_qoh8F_yV8RhGgxmQ6mmhnTwJkTc5Gd1Cy5XtWYd4c7C7yYjVe_vxdlxjxnVHo1M9ACqnVxSz5kDqMtXtrGEXvLBygvncLakuvu-_nH2vXX3lDW_blbUuLAZoc4_56vCG1R-Ie-vhMLRdtq8wDlciX-orNvVim4vEzvBfFkfRQq9eBUZ50d5_l4gYmQrom834-6N85AhgLPc5xS9ujLuvoXHwPe5FvNn5Bx4huvhEOnl3_kSvSPis&t=AQLhHsVY3ts_4_Yh_vM"" width=""320"" height=""567"" scrolling=""yes"" style=""border: none;""></iframe>",https://business.facebook.com/ads/api/preview_iframe.php?d=AQLpoaitOHcpJz4jwx1_fjzFpYFSV5FzMXn5niSZVcls84Rc14ggL3MonGChcKawbLAfjbu3YM47Fiiy-8kfO_gdYmwmEMA9Mt0P9bz-xn7mnyYpR2bU3SD141TXvZyklHWh-jExb7s8_bqbegrVajvLivpj7urJtQ-_zKR8pJOjyXY2YNsNZsREh-YPzFrs5T9PueTm1wdB80cljRiSN2kbSmudLiZ9e_k5go15H8yWsNtxS7fPk6Pv4c5e5zR_yqAE1kfxBM-OLP9nM0xVYPFc6yQmXlhdLUjH2V6Hy08PDI7yc8Ivp0IVUuKNk4YSZeCavuSYEONQRvh2E92xuqUekD5VOYzshnXS2mXDrQYKgppQDgdtKoweGtJanzM8T4lBJ0iEFhgKKmwdJrD-0N73WmwbH4N4kgWxOXRPXDoDJfTthM2xsrwyPVsa7tlBEdw&t=AQJ3c1oI6G7cLChAgu4,"<iframe src=""https://business.facebook.com/ads/api/preview_iframe.php?d=AQLpoaitOHcpJz4jwx1_fjzFpYFSV5FzMXn5niSZVcls84Rc14ggL3MonGChcKawbLAfjbu3YM47Fiiy-8kfO_gdYmwmEMA9Mt0P9bz-xn7mnyYpR2bU3SD141TXvZyklHWh-jExb7s8_bqbegrVajvLivpj7urJtQ-_zKR8pJOjyXY2YNsNZsREh-YPzFrs5T9PueTm1wdB80cljRiSN2kbSmudLiZ9e_k5go15H8yWsNtxS7fPk6Pv4c5e5zR_yqAE1kfxBM-OLP9nM0xVYPFc6yQmXlhdLUjH2V6Hy08PDI7yc8Ivp0IVUuKNk4YSZeCavuSYEONQRvh2E92xuqUekD5VOYzshnXS2mXDrQYKgppQDgdtKoweGtJanzM8T4lBJ0iEFhgKKmwdJrD-0N73WmwbH4N4kgWxOXRPXDoDJfTthM2xsrwyPVsa7tlBEdw&t=AQJ3c1oI6G7cLChAgu4"" width=""274"" height=""213"" scrolling=""yes"" style=""border: none;""></iframe>"
120236543006360382,922637869834351,_Buy 1 Get 1 FREE 2_Bundle Offer__V1,120236542460090382,120236541919860382,ACTIVE,ACTIVE,2025-11-20T23:29:16+0200,2025-11-20T23:38:45+0200,2025-11-20T23:38:45+0200,https://business.facebook.com/ads/api/preview_iframe.php?d=AQJPG6WKsQDKjHwMpwITiRGhTEFTljjkM_TDRfoXqpkHwpWte-LhYj0j6Yd2rHa59h59YFzlGjdSN8fRxxDjC5mNT-S8iBFuocyNHqIV9Y3P_nrCd4IB0OugrkooWenlsHxOhtgxkZiBGjcBfnswJaqM_b3_d3ezaLL1PR5bqL5VgvWVpA8_xcisDahCLsXvOA0V5HnU6Jc_VL8-5PzNEQTM1VD4SYTH-pt6zvyBJAy0waFgRmrj_osfQft-9Bz6j1-jDodoWrbej5Oi24rl0V3izeE4Y1ou-eXZnxnjR5Du605aQmFJzY2oXz6IOpPkFG--kwxqyYXfOwLQ_LyCP_ZrmWFMMFNnaC1xJLylmKja1IAYoxSwW0AIghGvPLlULPJeJit_0yV-QtNpf55ATTZIUgelNA5PiSqo5FIwoBK-nSsQDNAJMOmo_lSqYeVmZ0o&t=AQJ1rLkQ9umoKBAsGJs,"<iframe src=""https://business.facebook.com/ads/api/preview_iframe.php?d=AQJPG6WKsQDKjHwMpwITiRGhTEFTljjkM_TDRfoXqpkHwpWte-LhYj0j6Yd2rHa59h59YFzlGjdSN8fRxxDjC5mNT-S8iBFuocyNHqIV9Y3P_nrCd4IB0OugrkooWenlsHxOhtgxkZiBGjcBfnswJaqM_b3_d3ezaLL1PR5bqL5VgvWVpA8_xcisDahCLsXvOA0V5HnU6Jc_VL8-5PzNEQTM1VD4SYTH-pt6zvyBJAy0waFgRmrj_osfQft-9Bz6j1-jDodoWrbej5Oi24rl0V3izeE4Y1ou-eXZnxnjR5Du605aQmFJzY2oXz6IOpPkFG--kwxqyYXfOwLQ_LyCP_ZrmWFMMFNnaC1xJLylmKja1IAYoxSwW0AIghGvPLlULPJeJit_0yV-QtNpf55ATTZIUgelNA5PiSqo5FIwoBK-nSsQDNAJMOmo_lSqYeVmZ0o&t=AQJ1rLkQ9umoKBAsGJs"" width=""260"" height=""135"" scrolling=""yes"" style=""border: none;""></iframe>",https://business.facebook.com/ads/api/preview_iframe.php?d=AQKxniafBYtyNU-YOrmQ377MGh0gGuacMAa-55Ixyr_H_ev4ogTBF5mb4oMzD5OZCXGxu-Hw58zfZs-rJzGgMzQsgmx8Y_DPTp6HCXhgaNNQfEs2U62gWdDGetGIn6bTZn9mZfhprvTuPJDemJrQAOqeDCRuzwZDQb27Yl8IAPEDbYp_UDKpNCeB-osPxdzgqTjlkTPrngdPWG5cuIZZqONBhz0GipH8xFIXwMF21Jm195xQ_-3MwWAUQZOehoNOSBcM9KK0e150sH5UrPY1fhV3AnyUQbo9OHNVFzLSdW6z_xc61JeTsRGG4-q0pZrO6MvKNwuCXnXKF-FuepBnmZUB5YWfoqY_AOTGnBQS-CrPkSOU4mw8mXaAn8V6-Mun8YclabrkDjUBlXf_VHCdet8Y54SXIpNBdBNFvBgJx0su7BtwUj8yL9yJb16mEXe8In8&t=AQIFH-2YBFGZ2SNFVlw,"<iframe src=""https://business.facebook.com/ads/api/preview_iframe.php?d=AQKxniafBYtyNU-YOrmQ377MGh0gGuacMAa-55Ixyr_H_ev4ogTBF5mb4oMzD5OZCXGxu-Hw58zfZs-rJzGgMzQsgmx8Y_DPTp6HCXhgaNNQfEs2U62gWdDGetGIn6bTZn9mZfhprvTuPJDemJrQAOqeDCRuzwZDQb27Yl8IAPEDbYp_UDKpNCeB-osPxdzgqTjlkTPrngdPWG5cuIZZqONBhz0GipH8xFIXwMF21Jm195xQ_-3MwWAUQZOehoNOSBcM9KK0e150sH5UrPY1fhV3AnyUQbo9OHNVFzLSdW6z_xc61JeTsRGG4-q0pZrO6MvKNwuCXnXKF-FuepBnmZUB5YWfoqY_AOTGnBQS-CrPkSOU4mw8mXaAn8V6-Mun8YclabrkDjUBlXf_VHCdet8Y54SXIpNBdBNFvBgJx0su7BtwUj8yL9yJb16mEXe8In8&t=AQIFH-2YBFGZ2SNFVlw"" width=""320"" height=""567"" scrolling=""yes"" style=""border: none;""></iframe>",https://business.facebook.com/ads/api/preview_iframe.php?d=AQKweX2h2e79Z8fFdqpEaiJT74siPTbOqiu9K5d1t8__MKKs-JLUlBngrlZItQVeZafwmCYPEagzRLi7DqbXYegX7338xpI7UEIHkoX7SNx_-JxPmC3BokWm1LNb_8bjpVpe98EOZfolkMhhhyjRCzIRCehzYKF2n-uoawgrLmv7UcGuLy75VgWhm_3rudfbxwL29NhDOzNSCbtYF-Lmr88NdLpoWJGg-3XwCFuR57QbvKLpdHeMEcSDO82iz59pLZ4khgDcc-mjdf8CQk_qOA2ERWtriAyQmA-JUyWDzVOHv7jCEgqRecCUYzdCpvsLy7v694PUHXrFRlhyuC1BSrzykAR1YsO6jVjzkPlnuP8yMeT8mUD-kbt8f_pPphm8DccqDEbQvBW6ki3WOgviT5PiDDmcOYWGg5CUM0SW2r-fXo8-QqEI3rKLDfH4f_KqA-Q&t=AQJx7X0_X-_jeVbMxks,"<iframe src=""https://business.facebook.com/ads/api/preview_iframe.php?d=AQKweX2h2e79Z8fFdqpEaiJT74siPTbOqiu9K5d1t8__MKKs-JLUlBngrlZItQVeZafwmCYPEagzRLi7DqbXYegX7338xpI7UEIHkoX7SNx_-JxPmC3BokWm1LNb_8bjpVpe98EOZfolkMhhhyjRCzIRCehzYKF2n-uoawgrLmv7UcGuLy75VgWhm_3rudfbxwL29NhDOzNSCbtYF-Lmr88NdLpoWJGg-3XwCFuR57QbvKLpdHeMEcSDO82iz59pLZ4khgDcc-mjdf8CQk_qOA2ERWtriAyQmA-JUyWDzVOHv7jCEgqRecCUYzdCpvsLy7v694PUHXrFRlhyuC1BSrzykAR1YsO6jVjzkPlnuP8yMeT8mUD-kbt8f_pPphm8DccqDEbQvBW6ki3WOgviT5PiDDmcOYWGg5CUM0SW2r-fXo8-QqEI3rKLDfH4f_KqA-Q&t=AQJx7X0_X-_jeVbMxks"" width=""274"" height=""213"" scrolling=""yes"" style=""border: none;""></iframe>"
120236541953040382,922637869834351,_Nathalie - UGC_White Friday Offer_Creative: Nathalie - UGC_V1,120236541919920382,120236541919860382,ACTIVE,ACTIVE,2025-11-20T23:29:23+0200,2025-11-20T23:33:08+0200,2025-11-20T23:33:08+0200,https://business.facebook.com/ads/api/preview_iframe.php?d=AQKRR9w95KU1lvD0qt5mEfDXHZ6h_-IP94YLVXzgGLCqdwjHSVizqm_VRvr7LyT0ElNZW9dbhD_IH_ulC5txn3DDM1Gm0FRJHQfTBIdTZWBhzL8AqLOATkuveeMjETaHClk0m8ekUHMhYmWO1KSo4Pef7Jc1GRJcB1PlrirvWJu6T7jXi8o9u9nwwUfMfakWGdIKDYb0VXDPo-K5F5MlwUjZhR-81gSBNm__mj1JLD4OptiiCdPmqabASy_hrmWGxspnAtni-76o0gmllw9zFP4PIfjhtT-P4bAGidnsmrxfDRLoFH4Hr15wkp9Ae0mWn3pNG9qDgfGy10BOd3iJEbqbuYwn4wYHIUjWxm7pWRBUYhwpaUn3NZNUDRnZxCR7-acsPRRensIaqAm4LFE5_UPzhBhRoX64eab6paPiNDbcm-X1knTPOEJRvQi6ARwKGqU&t=AQKuKX2nYi6Y9g7K4tw,"<iframe src=""https://business.facebook.com/ads/api/preview_iframe.php?d=AQKRR9w95KU1lvD0qt5mEfDXHZ6h_-IP94YLVXzgGLCqdwjHSVizqm_VRvr7LyT0ElNZW9dbhD_IH_ulC5txn3DDM1Gm0FRJHQfTBIdTZWBhzL8AqLOATkuveeMjETaHClk0m8ekUHMhYmWO1KSo4Pef7Jc1GRJcB1PlrirvWJu6T7jXi8o9u9nwwUfMfakWGdIKDYb0VXDPo-K5F5MlwUjZhR-81gSBNm__mj1JLD4OptiiCdPmqabASy_hrmWGxspnAtni-76o0gmllw9zFP4PIfjhtT-P4bAGidnsmrxfDRLoFH4Hr15wkp9Ae0mWn3pNG9qDgfGy10BOd3iJEbqbuYwn4wYHIUjWxm7pWRBUYhwpaUn3NZNUDRnZxCR7-acsPRRensIaqAm4LFE5_UPzhBhRoX64eab6paPiNDbcm-X1knTPOEJRvQi6ARwKGqU&t=AQKuKX2nYi6Y9g7K4tw"" width=""260"" height=""135"" scrolling=""yes"" style=""border: none;""></iframe>",https://business.facebook.com/ads/api/preview_iframe.php?d=AQIDaQ6X2cbL9Ib_T5i8VFOy-bUGrJs1e3ewnJcEESKH-Wi1c0ZO0JJWHil3vMVbbotp6n_Mr99qhOnceAiD2ZidJgXKe5BvEPZJFxcikY8OS4xwVBSzZTfx8G-S7GWSqrfMVmAylSDgNyqrDW-jwXDqEfrm35COdn77JkMyALj6IcpJyNU12ffsmr6TlWoVXAhcNX0byOEdi3jwkmjPlPtS9UkJqpB4zpyOFbb5Lr0c6bqp3qPLiqJ5HMYhZTMxGC0_xMwvdHvxCEaw9LOrof7Y_qCcsOMNimM2ubvOZgSaJ-2ZZ6XLedPURfHNh7GU_5sljl89M4zX0wmFNTyxx6-TlVHXHcXzv97CVWrSomuE4UCVOr80RUhsv8-2mYMFiQvvdILlwZi3LiYfjvXST8ahy1DhX31Buoeh_XfhbaMn7Nl2Nb8onSflPKBWWqKyWYg&t=AQIrOB8Y8t3eS4ebaz8,"<iframe src=""https://business.facebook.com/ads/api/preview_iframe.php?d=AQIDaQ6X2cbL9Ib_T5i8VFOy-bUGrJs1e3ewnJcEESKH-Wi1c0ZO0JJWHil3vMVbbotp6n_Mr99qhOnceAiD2ZidJgXKe5BvEPZJFxcikY8OS4xwVBSzZTfx8G-S7GWSqrfMVmAylSDgNyqrDW-jwXDqEfrm35COdn77JkMyALj6IcpJyNU12ffsmr6TlWoVXAhcNX0byOEdi3jwkmjPlPtS9UkJqpB4zpyOFbb5Lr0c6bqp3qPLiqJ5HMYhZTMxGC0_xMwvdHvxCEaw9LOrof7Y_qCcsOMNimM2ubvOZgSaJ-2ZZ6XLedPURfHNh7GU_5sljl89M4zX0wmFNTyxx6-TlVHXHcXzv97CVWrSomuE4UCVOr80RUhsv8-2mYMFiQvvdILlwZi3LiYfjvXST8ahy1DhX31Buoeh_XfhbaMn7Nl2Nb8onSflPKBWWqKyWYg&t=AQIrOB8Y8t3eS4ebaz8"" width=""320"" height=""567"" scrolling=""yes"" style=""border: none;""></iframe>",https://business.facebook.com/ads/api/preview_iframe.php?d=AQKE--JRDC4A9dtGtFOqTmVmPRMdjMCChl0YelDxteMYxCiXRIXqLBGtgQXrzUiiS94uevmtuhDu6pDDmoGggxsnlmzZF1xb0yFZl4YEN3K35LZzoPcIspsO_EUx2tdGdiqE6_mKx2wOslZNTrB743mGs8yNMs-10VyCV_XGDY0Btt6CD-W0Ae5O1dUkkSTrPBMszmkKdcdfDeF06ClgQt9lMVW2EgkZ9OooRZThI0bcr4D5nMeLflo-KLfGScGjNrHFcOi-1aZlK1wUB7l4Gz-Hxii4a7sYFs4Nl6Gz-_EnsoPpoWeC4ujG9Sk1VV7yjFFcaD3qVhfho-0rrlgpqE5URZcafUqu6tzS5QRopN9sKcVXvclCLXcOWzeV_rj8JfIaf7j9R_fSonggVTsTszHrwmx7q0NLMlkMUifxA7_nCjOk2jShnBmQP1Cu5xdQgxQ&t=AQL7h1qdBJQ0ZSxfBhc,"<iframe src=""https://business.facebook.com/ads/api/preview_iframe.php?d=AQKE--JRDC4A9dtGtFOqTmVmPRMdjMCChl0YelDxteMYxCiXRIXqLBGtgQXrzUiiS94uevmtuhDu6pDDmoGggxsnlmzZF1xb0yFZl4YEN3K35LZzoPcIspsO_EUx2tdGdiqE6_mKx2wOslZNTrB743mGs8yNMs-10VyCV_XGDY0Btt6CD-W0Ae5O1dUkkSTrPBMszmkKdcdfDeF06ClgQt9lMVW2EgkZ9OooRZThI0bcr4D5nMeLflo-KLfGScGjNrHFcOi-1aZlK1wUB7l4Gz-Hxii4a7sYFs4Nl6Gz-_EnsoPpoWeC4ujG9Sk1VV7yjFFcaD3qVhfho-0rrlgpqE5URZcafUqu6tzS5QRopN9sKcVXvclCLXcOWzeV_rj8JfIaf7j9R_fSonggVTsTszHrwmx7q0NLMlkMUifxA7_nCjOk2jShnBmQP1Cu5xdQgxQ&t=AQL7h1qdBJQ0ZSxfBhc"" width=""274"" height=""213"" scrolling=""yes"" style=""border: none;""></iframe>"
120236541919970382,922637869834351,_Sara Mamdouh - UGC |Unboxing|_White Friday Offer_Creative: Sara Mamdouh - UGC |Unboxing|_V1,120236541919920382,120236541919860382,ACTIVE,ACTIVE,2025-11-20T23:29:23+0200,2025-11-20T23:32:23+0200,2025-11-20T23:32:23+0200,https://business.facebook.com/ads/api/preview_iframe.php?d=AQLRj5RtCgJv1jQg0328QX5EHm9aKwg3cGTvxVXyb43LpxA8HBrPyYCiUPj8PZopWzCfyVyEUVr_2OamuA337_SQ-nNYq1FqUxvWnUGXbYYcOVKYI15v8ReFsYdx6-s4NO98PrUSQy5-KcjZYvk5DQ-9ahWoH4I6T7IfcE9fgrvyUdXIB48Qf5IgrFjBLAa34-5J2i8ZTH8qfw7Lnbeo-V2fyQLdvbpuvDJdyU62D63mrZg1BWLH7PwtFwSLe3NQAmjZYV5ubi-2CHBY4dmeNn4sK0qNmptfibRtfRPZ1mHw089zQjHAn38b-TdptYlRC_NG25Fhs_s2VsXftO-QFH-lNRxgqvK29_1RYAbyb3HpJFNmMA2F8Qg_jOtyMIiGQDwZrdsQuW9StC0ASq0u6jR2DmquU93-VSbEiLqxFXB8-rjJmnMAikATNAMrHIFvTL4&t=AQJEW4HTEc-QV88zB7I,"<iframe src=""https://business.facebook.com/ads/api/preview_iframe.php?d=AQLRj5RtCgJv1jQg0328QX5EHm9aKwg3cGTvxVXyb43LpxA8HBrPyYCiUPj8PZopWzCfyVyEUVr_2OamuA337_SQ-nNYq1FqUxvWnUGXbYYcOVKYI15v8ReFsYdx6-s4NO98PrUSQy5-KcjZYvk5DQ-9ahWoH4I6T7IfcE9fgrvyUdXIB48Qf5IgrFjBLAa34-5J2i8ZTH8qfw7Lnbeo-V2fyQLdvbpuvDJdyU62D63mrZg1BWLH7PwtFwSLe3NQAmjZYV5ubi-2CHBY4dmeNn4sK0qNmptfibRtfRPZ1mHw089zQjHAn38b-TdptYlRC_NG25Fhs_s2VsXftO-QFH-lNRxgqvK29_1RYAbyb3HpJFNmMA2F8Qg_jOtyMIiGQDwZrdsQuW9StC0ASq0u6jR2DmquU93-VSbEiLqxFXB8-rjJmnMAikATNAMrHIFvTL4&t=AQJEW4HTEc-QV88zB7I"" width=""260"" height=""135"" scrolling=""yes"" style=""border: none;""></iframe>",https://business.facebook.com/ads/api/preview_iframe.php?d=AQKxCHCbCQZgb8L2HCxgdhQ1N847zypvhNUagL0DahI57j-cmUvXcbCsJ6cYo7xnchLQ5xWv1nQyynIkT3-5VvV93DmWchPNLO61LCNZq2Ndqp17SXdorPjih--X5xJVGBMqfhCCoNloAStt9FqjAkQFtJY5pNxTgG1XSuMY12g2fWM2GDXRG5l7zCmqosjkjLwYQ18uBY-6EX-HdKC18J-0NWabbZbZz8nO2fSuIUFDQLxDQ9eIR-NmqHsZnGFJ0us91VHp1m9XY4gnHx_adqY7OYEzhDyuQwb6knjGYvMJJSsKJi49qU0EzILq87_a3ruX2bS3Ta58-Cv-jXxeaHm2fdjKMtAZ86sZG5csGgtjtKP13YSGLgXilbzvxHWPR804xLJGqabYDgbSZP6Edg8EAu73QUJOeVQsXm_AJRpJHNV6TF2D_f9bDDCcedcvZ3c&t=AQLBLDUKZBcVLk3uFfc,"<iframe src=""https://business.facebook.com/ads/api/preview_iframe.php?d=AQKxCHCbCQZgb8L2HCxgdhQ1N847zypvhNUagL0DahI57j-cmUvXcbCsJ6cYo7xnchLQ5xWv1nQyynIkT3-5VvV93DmWchPNLO61LCNZq2Ndqp17SXdorPjih--X5xJVGBMqfhCCoNloAStt9FqjAkQFtJY5pNxTgG1XSuMY12g2fWM2GDXRG5l7zCmqosjkjLwYQ18uBY-6EX-HdKC18J-0NWabbZbZz8nO2fSuIUFDQLxDQ9eIR-NmqHsZnGFJ0us91VHp1m9XY4gnHx_adqY7OYEzhDyuQwb6knjGYvMJJSsKJi49qU0EzILq87_a3ruX2bS3Ta58-Cv-jXxeaHm2fdjKMtAZ86sZG5csGgtjtKP13YSGLgXilbzvxHWPR804xLJGqabYDgbSZP6Edg8EAu73QUJOeVQsXm_AJRpJHNV6TF2D_f9bDDCcedcvZ3c&t=AQLBLDUKZBcVLk3uFfc"" width=""320"" height=""567"" scrolling=""yes"" style=""border: none;""></iframe>",https://business.facebook.com/ads/api/preview_iframe.php?d=AQILgW1Myzox0dlRdIpC9xyegEMU8itaYUEwPZPvdhwQsJB-IDg_S4JUidO93ktesHJckGQ2xLy8hSc8v033DmS_hZdNUhpcmb2Yc4Ok609xNlywUpwH4zm7g3fcTqq1e14FSo9wJ2MgEFssWY3sacB2yKnuDmMbOVQ0OklBzqFcMup-Of9cO0xSD4-8uH7T6YVL4ObgQtqvZUuCwM1ZJhE9ulh8xkTcce7CNB1i0Yk8gPCzZPRfXk9t4_RaKKEECLWBuEv3tRSsFcx0yyuFX3kA3YyKWRqGF-a2HuvyGiFa8FzkbBa1867tSwtv8nApkvviKWz4bCjGhy5noDpLuxVi1Xp_jl2phxSINtnXiKnUUpPwBzj08-Aa3XCVZ19lToq-5UGHHDGE0w7zETAjkgYoQ4fL1deojayLKPKyNvm2hixLc8S92-EUHM0bvVwIQtQ&t=AQKLyUNj30LoC9QYlXA,"<iframe src=""https://business.facebook.com/ads/api/preview_iframe.php?d=AQILgW1Myzox0dlRdIpC9xyegEMU8itaYUEwPZPvdhwQsJB-IDg_S4JUidO93ktesHJckGQ2xLy8hSc8v033DmS_hZdNUhpcmb2Yc4Ok609xNlywUpwH4zm7g3fcTqq1e14FSo9wJ2MgEFssWY3sacB2yKnuDmMbOVQ0OklBzqFcMup-Of9cO0xSD4-8uH7T6YVL4ObgQtqvZUuCwM1ZJhE9ulh8xkTcce7CNB1i0Yk8gPCzZPRfXk9t4_RaKKEECLWBuEv3tRSsFcx0yyuFX3kA3YyKWRqGF-a2HuvyGiFa8FzkbBa1867tSwtv8nApkvviKWz4bCjGhy5noDpLuxVi1Xp_jl2phxSINtnXiKnUUpPwBzj08-Aa3XCVZ19lToq-5UGHHDGE0w7zETAjkgYoQ4fL1deojayLKPKyNvm2hixLc8S92-EUHM0bvVwIQtQ&t=AQKLyUNj30LoC9QYlXA"" width=""274"" height=""213"" scrolling=""yes"" style=""border: none;""></iframe>"
120236542089080382,922637869834351,_Buy 1 Get 1 Free_Bundle Offer__V1 - Copy,120236541983210382,120236541919860382,ACTIVE,ACTIVE,2025-11-20T23:29:15+0200,2025-11-20T23:32:09+0200,2025-11-20T23:32:09+0200,https://business.facebook.com/ads/api/preview_iframe.php?d=AQJ6CbTkeewtHE1c2wVumOL1hO3Zhc2t4MrasvvPXE7epuI3_uu1aiaKkJuEaL3zHS00dEpPtxrpjG2lbilo1t_OdXANxMmmQqgIP3qxyrCGdO_nwggeyUqem7BRmV34rg1jK4B9u2FN6_VXvCgqmLKjfSXcqnnkWUuNfM543hgOHPaDNHnnrRqWpUn3PICf81An8bXBWUSmJF1gEcUJXWsmeuVPVUc4Hg4GfK8OJrs5604E5H-1lU4FAWJrp1edeEfyqRHxVDFYhOFnV9174sYD9-SAlKwk9h4w4kb5oP2GXXM1wEVz24gVu651LGZESi5E2ra7U4coRq-k7RcexwAF47PpQhf-M9hckAu6bdE2oBM_BMiN2bcEkXKh_bfTkM-NqgWNJb0_MJmhlfvJd_sJ2V1Enf7N6y-mvfuobpyzlPf6IZtXzIvfhf8UoTmIgWk&t=AQKo_N0XGuouJFWdF34,"<iframe src=""https://business.facebook.com/ads/api/preview_iframe.php?d=AQJ6CbTkeewtHE1c2wVumOL1hO3Zhc2t4MrasvvPXE7epuI3_uu1aiaKkJuEaL3zHS00dEpPtxrpjG2lbilo1t_OdXANxMmmQqgIP3qxyrCGdO_nwggeyUqem7BRmV34rg1jK4B9u2FN6_VXvCgqmLKjfSXcqnnkWUuNfM543hgOHPaDNHnnrRqWpUn3PICf81An8bXBWUSmJF1gEcUJXWsmeuVPVUc4Hg4GfK8OJrs5604E5H-1lU4FAWJrp1edeEfyqRHxVDFYhOFnV9174sYD9-SAlKwk9h4w4kb5oP2GXXM1wEVz24gVu651LGZESi5E2ra7U4coRq-k7RcexwAF47PpQhf-M9hckAu6bdE2oBM_BMiN2bcEkXKh_bfTkM-NqgWNJb0_MJmhlfvJd_sJ2V1Enf7N6y-mvfuobpyzlPf6IZtXzIvfhf8UoTmIgWk&t=AQKo_N0XGuouJFWdF34"" width=""260"" height=""135"" scrolling=""yes"" style=""border: none;""></iframe>",https://business.facebook.com/ads/api/preview_iframe.php?d=AQLiQh939U_shGzDm6jg2eTJTlej-no8FdHXU7DFl7ONUxv2357yLn9ovVfut0tn-uBtss1DhZ7te6LQRGPIcA8bx-7jGCUWYhmVEO1Iwdi89GejLMlXyOx9j0NIAQ7xs9K1wRGGGEoXI4GGenDBHEbES_H8LzscfXkLffHd5lu_BGnOWwbIca3WO61_t3jlBWGYiy2o806TbCKzqmj8aVmLbwZPVrae6G4mZctVFrCrRbgHp3VRaONvQAHJt90axueIZAJyS9YQYZSA_GDTfNEpLef-VILqQcWvy-VPTJIHGV21G2M1im_nwm8I2L20euTLqQNTVxFBvRBYhCeFcOI9ZKFb_Rx8pAS7RD_8IuPE7ng5LKCuB6V9WJ_erxk3yQddaHQC-gul9K4ReT7XzYGXgua5B16rHUJLjW1canBwLj6u9zODbOIRq2KfqJaEruc&t=AQKS-F_y-e_j5UVcByA,"<iframe src=""https://business.facebook.com/ads/api/preview_iframe.php?d=AQLiQh939U_shGzDm6jg2eTJTlej-no8FdHXU7DFl7ONUxv2357yLn9ovVfut0tn-uBtss1DhZ7te6LQRGPIcA8bx-7jGCUWYhmVEO1Iwdi89GejLMlXyOx9j0NIAQ7xs9K1wRGGGEoXI4GGenDBHEbES_H8LzscfXkLffHd5lu_BGnOWwbIca3WO61_t3jlBWGYiy2o806TbCKzqmj8aVmLbwZPVrae6G4mZctVFrCrRbgHp3VRaONvQAHJt90axueIZAJyS9YQYZSA_GDTfNEpLef-VILqQcWvy-VPTJIHGV21G2M1im_nwm8I2L20euTLqQNTVxFBvRBYhCeFcOI9ZKFb_Rx8pAS7RD_8IuPE7ng5LKCuB6V9WJ_erxk3yQddaHQC-gul9K4ReT7XzYGXgua5B16rHUJLjW1canBwLj6u9zODbOIRq2KfqJaEruc&t=AQKS-F_y-e_j5UVcByA"" width=""320"" height=""567"" scrolling=""yes"" style=""border: none;""></iframe>",https://business.facebook.com/ads/api/preview_iframe.php?d=AQJpCRTjSjQWfDKbzzofrRUzdg_-V30l7hwtK7oPZUdR12V3wJ88XMnbQ792OsE-gp4SV8-XgGpu0r8mO6UaAZUj_D6olLyFDe9S3KaZdX9237HTaISZ3tFcIztxzTQBXDzGjxTcBRGUDqzpuRzKjyTCPNGXBfVR72lr_rBaVA2u0AVmf-lwbt4ByMLYmVLsLiqtXsESzTbL0t1c-sKEVnqzmspNr0ZVtDnmssQgD-Z1Iel4pBONTztxavXCLUDvSlz8bFWlBqC2PvJ_nQcQJzZBQWBm01sp4zWgy78wpEYazhsuYOy9cOEjJox4qOw-9-74mu7pscwmI02VYF9P_MnakSNNhbtk5zRVpDkv87dqyf7qomhVVznBnV3_Wt55LKbyHzvyIwEHftWLcGnxC5npKsRVcaHcttpnq4t8QaiYim3-gJasYR9yHlc5FglCOIs&t=AQLGqbUoCb1CtzDO1A0,"<iframe src=""https://business.facebook.com/ads/api/preview_iframe.php?d=AQJpCRTjSjQWfDKbzzofrRUzdg_-V30l7hwtK7oPZUdR12V3wJ88XMnbQ792OsE-gp4SV8-XgGpu0r8mO6UaAZUj_D6olLyFDe9S3KaZdX9237HTaISZ3tFcIztxzTQBXDzGjxTcBRGUDqzpuRzKjyTCPNGXBfVR72lr_rBaVA2u0AVmf-lwbt4ByMLYmVLsLiqtXsESzTbL0t1c-sKEVnqzmspNr0ZVtDnmssQgD-Z1Iel4pBONTztxavXCLUDvSlz8bFWlBqC2PvJ_nQcQJzZBQWBm01sp4zWgy78wpEYazhsuYOy9cOEjJox4qOw-9-74mu7pscwmI02VYF9P_MnakSNNhbtk5zRVpDkv87dqyf7qomhVVznBnV3_Wt55LKbyHzvyIwEHftWLcGnxC5npKsRVcaHcttpnq4t8QaiYim3-gJasYR9yHlc5FglCOIs&t=AQLGqbUoCb1CtzDO1A0"" width=""274"" height=""213"" scrolling=""yes"" style=""border: none;""></iframe>"
